No,year,month,day,hour,Speed,Temperature
0,2019,4,1,1,1.095,6.8711
1,2019,4,1,2,0.6246,6.1199
2,2019,4,1,3,0.6628,5.5064
3,2019,4,1,4,1.5369,5.2758
4,2019,4,1,5,1.9647,5.5959
5,2019,4,1,6,1.5516,4.9903
6,2019,4,1,7,1.9958,5.4721
7,2019,4,1,8,3.4519,7.3123
8,2019,4,1,9,3.4909,9.4127
9,2019,4,1,10,3.1247,11.2472
10,2019,4,1,11,2.5984,12.7298
11,2019,4,1,12,2.4614,14.0728
12,2019,4,1,13,2.8858,14.9062
13,2019,4,1,14,3.5472,15.682
14,2019,4,1,15,3.6676,16.5277
15,2019,4,1,16,3.4123,15.9527
16,2019,4,1,17,3.0436,15.4183
17,2019,4,1,18,4.5351,14.0408
18,2019,4,1,19,3.145,12.8223
19,2019,4,1,20,2.1884,12.6335
20,2019,4,1,21,1.6323,11.7057
21,2019,4,1,22,1.6011,10.5095
22,2019,4,1,23,2.1501,10.0442
23,2019,4,2,0,1.5432,9.323
24,2019,4,2,1,1.2168,8.5277
25,2019,4,2,2,0.6588,7.3869
26,2019,4,2,3,1.0858,7.0708
27,2019,4,2,4,0.7717,6.5319
28,2019,4,2,5,0.5026,5.8529
29,2019,4,2,6,0.1013,4.6497
30,2019,4,2,7,0.57,5.5597
31,2019,4,2,8,2.0321,8.2242
32,2019,4,2,9,2.6933,10.5582
33,2019,4,2,10,2.5668,12.426
34,2019,4,2,11,2.192,13.9035
35,2019,4,2,12,2.9585,15.2263
36,2019,4,2,13,2.4301,16.2995
37,2019,4,2,14,2.3105,17.377
38,2019,4,2,15,2.3059,18.0357
39,2019,4,2,16,2.6103,18.6833
40,2019,4,2,17,2.896,18.834
41,2019,4,2,18,2.3078,18.2913
42,2019,4,2,19,0.5191,16.1818
43,2019,4,2,20,0.0227,12.7998
44,2019,4,2,21,0.3336,12.8567
45,2019,4,2,22,0,10.2073
46,2019,4,2,23,0.0145,9.4325
47,2019,4,3,0,0,8.8938
48,2019,4,3,1,0,8.7307
49,2019,4,3,2,0,8.545
50,2019,4,3,3,0,8.2375
51,2019,4,3,4,0,7.9678
52,2019,4,3,5,0.0356,7.7892
53,2019,4,3,6,0,7.9541
54,2019,4,3,7,0.0172,8.9913
55,2019,4,3,8,1.4991,12.424
56,2019,4,3,9,2.8591,15.4405
57,2019,4,3,10,2.8587,17.9817
58,2019,4,3,11,2.8908,19.9927
59,2019,4,3,12,2.9196,21.3185
60,2019,4,3,13,2.4699,22.1058
61,2019,4,3,14,2.4972,21.841
62,2019,4,3,15,2.631,21.1537
63,2019,4,3,16,2.9926,20.9272
64,2019,4,3,17,2.7428,19.7953
65,2019,4,3,18,2.2913,19.7023
66,2019,4,3,19,1.7735,19.1758
67,2019,4,3,20,1.6539,18.2142
68,2019,4,3,21,2.2827,18.2237
69,2019,4,3,22,2.675,17.9795
70,2019,4,3,23,2.971,18.1597
71,2019,4,4,0,2.429,18.3103
72,2019,4,4,1,2.5808,18.271
73,2019,4,4,2,2.29,18.1783
74,2019,4,4,3,2.6635,18.368
75,2019,4,4,4,3.2175,18.7153
76,2019,4,4,5,2.1022,18.468
77,2019,4,4,6,1.8472,18.5315
78,2019,4,4,7,3.9032,18.024
79,2019,4,4,8,3.3517,18.613
80,2019,4,4,9,1.9974,17.8958
81,2019,4,4,10,3.3852,17.7405
82,2019,4,4,11,2.7696,17.5438
83,2019,4,4,12,2.8621,17.5318
84,2019,4,4,13,1.9449,17.6588
85,2019,4,4,14,2.7994,18.0037
86,2019,4,4,15,2.6788,18.3393
87,2019,4,4,16,2.631,18.506
88,2019,4,4,17,2.7038,18.3445
89,2019,4,4,18,2.2877,18.1227
90,2019,4,4,19,2.4965,17.6895
91,2019,4,4,20,2.3754,17.6607
92,2019,4,4,21,1.8807,17.8358
93,2019,4,4,22,1.671,17.8528
94,2019,4,4,23,1.4597,18.009
95,2019,4,5,0,1.2736,18.0755
96,2019,4,5,1,1.0446,17.886
97,2019,4,5,2,1.0557,17.9018
98,2019,4,5,3,1.1269,17.8903
99,2019,4,5,4,1.4143,17.6842
100,2019,4,5,5,0.953,17.6088
101,2019,4,5,6,1.2276,17.6348
102,2019,4,5,7,0.6713,17.7653
103,2019,4,5,8,1.3417,18.0713
104,2019,4,5,9,1.3184,18.6607
105,2019,4,5,10,1.3495,19.1495
106,2019,4,5,11,2.2619,20.0367
107,2019,4,5,12,2.1222,21.235
108,2019,4,5,13,2.6908,22.121
109,2019,4,5,14,2.8187,23.3305
110,2019,4,5,15,2.5247,23.9752
111,2019,4,5,16,2.2725,24.2305
112,2019,4,5,17,2.1254,24.219
113,2019,4,5,18,1.938,23.9782
114,2019,4,5,19,0.3805,22.802
115,2019,4,5,20,0.5806,22.1937
116,2019,4,5,21,0.2703,21.7722
117,2019,4,5,22,0.9015,21.6423
118,2019,4,5,23,0.3162,21.3483
119,2019,4,6,0,0.1087,20.6038
120,2019,4,6,1,0.5158,20.177
121,2019,4,6,2,0.3465,19.9298
122,2019,4,6,3,0.5735,19.7737
123,2019,4,6,4,1.2116,20.0572
124,2019,4,6,5,1.0237,20.1653
125,2019,4,6,6,1.0823,20.3022
126,2019,4,6,7,1.3767,20.4972
127,2019,4,6,8,1.8698,21.0705
128,2019,4,6,9,2.2906,21.769
129,2019,4,6,10,2.069,23.039
130,2019,4,6,11,2.8327,24.587
131,2019,4,6,12,2.995,25.6398
132,2019,4,6,13,2.9257,25.9103
133,2019,4,6,14,3.6182,26.4142
134,2019,4,6,15,3.2851,26.249
135,2019,4,6,16,3.2571,25.7305
136,2019,4,6,17,2.9835,25.5185
137,2019,4,6,18,2.4327,24.7282
138,2019,4,6,19,2.3379,24.1482
139,2019,4,6,20,2.1179,23.3662
140,2019,4,6,21,2.0797,22.8905
141,2019,4,6,22,2.0465,22.9178
142,2019,4,6,23,1.8688,22.8815
143,2019,4,7,0,1.724,22.8148
144,2019,4,7,1,1.4518,22.7385
145,2019,4,7,2,1.2784,22.6215
146,2019,4,7,3,1.3942,22.3202
147,2019,4,7,4,1.5843,22.2473
148,2019,4,7,5,2.1338,21.9813
149,2019,4,7,6,2.6042,22.1533
150,2019,4,7,7,2.2326,22.3815
151,2019,4,7,8,2.3007,22.8992
152,2019,4,7,9,3.098,24.0318
153,2019,4,7,10,2.3055,24.2227
154,2019,4,7,11,3.2187,25.125
155,2019,4,7,12,3.9063,24.2147
156,2019,4,7,13,3.287,23.9345
157,2019,4,7,14,3.7584,24.1497
158,2019,4,7,15,3.3006,23.8693
159,2019,4,7,16,4.115,22.2127
160,2019,4,7,17,3.205,19.0998
161,2019,4,7,18,2.0219,18.9997
162,2019,4,7,19,1.0652,19.0367
163,2019,4,7,20,1.2005,18.8692
164,2019,4,7,21,0.8007,19.0625
165,2019,4,7,22,0.793,19.0233
166,2019,4,7,23,0.9609,18.9832
167,2019,4,8,0,2.2369,18.8907
168,2019,4,8,1,1.9936,18.6988
169,2019,4,8,2,1.5614,18.4262
170,2019,4,8,3,2.0285,18.4402
171,2019,4,8,4,2.1669,18.7077
172,2019,4,8,5,1.2013,18.9013
173,2019,4,8,6,0.5753,19.1367
174,2019,4,8,7,1.7245,19.0383
175,2019,4,8,8,2.7402,19.293
176,2019,4,8,9,2.8706,20.1498
177,2019,4,8,10,3.3477,21.0085
178,2019,4,8,11,2.8563,21.4803
179,2019,4,8,12,2.5225,21.5747
180,2019,4,8,13,2.8,21.957
181,2019,4,8,14,2.5556,20.4347
182,2019,4,8,15,3.3485,20.7958
183,2019,4,8,16,4.229,20.2708
184,2019,4,8,17,3.1256,19.719
185,2019,4,8,18,4.0034,20.8375
186,2019,4,8,19,3.6262,20.379
187,2019,4,8,20,2.696,19.6712
188,2019,4,8,21,1.3126,19.2817
189,2019,4,8,22,1.1438,18.7583
190,2019,4,8,23,1.464,18.4885
191,2019,4,9,0,1.0628,18.0498
192,2019,4,9,1,0.5685,17.5312
193,2019,4,9,2,0.0696,16.8977
194,2019,4,9,3,0.1775,16.6868
195,2019,4,9,4,1.0276,17.2098
196,2019,4,9,5,0.1235,16.4927
197,2019,4,9,6,0.3165,16.3612
198,2019,4,9,7,1.4128,17.0573
199,2019,4,9,8,2.2431,18.503
200,2019,4,9,9,2.4462,19.9668
201,2019,4,9,10,1.8387,21.5627
202,2019,4,9,11,1.1389,23.576
203,2019,4,9,12,1.6051,24.9427
204,2019,4,9,13,2.5333,25.9133
205,2019,4,9,14,3.2227,27.097
206,2019,4,9,15,3.1317,27.6753
207,2019,4,9,16,2.6984,28.1002
208,2019,4,9,17,2.7085,28.2328
209,2019,4,9,18,1.4697,27.7893
210,2019,4,9,19,0.1598,24.756
211,2019,4,9,20,0.0676,20.9775
212,2019,4,9,21,0,19.6963
213,2019,4,9,22,0,18.9627
214,2019,4,9,23,0.1015,18.3633
215,2019,4,10,0,0,17.7842
216,2019,4,10,1,0,17.4487
217,2019,4,10,2,0,17.1458
218,2019,4,10,3,0,16.7595
219,2019,4,10,4,0,16.1545
220,2019,4,10,5,0,15.9748
221,2019,4,10,6,0.0307,16.3662
222,2019,4,10,7,0.195,18.5735
223,2019,4,10,8,0.7643,21.2542
224,2019,4,10,9,1.4303,23.3252
225,2019,4,10,10,1.4681,25.2152
226,2019,4,10,11,1.9477,26.3023
227,2019,4,10,12,2.1808,27.1317
228,2019,4,10,13,2.2937,27.6133
229,2019,4,10,14,2.5795,27.9485
230,2019,4,10,15,2.6649,27.8628
231,2019,4,10,16,2.8084,27.4602
232,2019,4,10,17,2.5897,26.9148
233,2019,4,10,18,1.9777,25.6337
234,2019,4,10,19,1.4162,23.6675
235,2019,4,10,20,1.0174,22.2145
236,2019,4,10,21,1.445,21.5742
237,2019,4,10,22,1.7357,21.1892
238,2019,4,10,23,1.8777,21.1613
239,2019,4,11,0,1.8782,20.9393
240,2019,4,11,1,1.8727,20.7972
241,2019,4,11,2,1.6729,20.6848
242,2019,4,11,3,1.9347,20.5193
243,2019,4,11,4,2.0951,20.3682
244,2019,4,11,5,1.8941,20.0697
245,2019,4,11,6,2.6519,20.219
246,2019,4,11,7,2.6503,20.6995
247,2019,4,11,8,1.9855,21.7158
248,2019,4,11,9,2.5873,22.7918
249,2019,4,11,10,2.9925,24.0458
250,2019,4,11,11,2.8409,25.0825
251,2019,4,11,12,3.1892,25.57
252,2019,4,11,13,3.47,25.427
253,2019,4,11,14,2.998,25.4925
254,2019,4,11,15,3.0893,25.0772
255,2019,4,11,16,2.9537,24.833
256,2019,4,11,17,2.3432,24.493
257,2019,4,11,18,1.7437,23.8143
258,2019,4,11,19,1.5567,23.0343
259,2019,4,11,20,1.1511,22.3755
260,2019,4,11,21,0.8931,21.9615
261,2019,4,11,22,0.7502,21.5837
262,2019,4,11,23,0.4199,21.5037
263,2019,4,12,0,0.3579,21.4465
264,2019,4,12,1,0.1356,21.3175
265,2019,4,12,2,0.0462,21.34
266,2019,4,12,3,1.2048,20.8078
267,2019,4,12,4,3.4406,17.6993
268,2019,4,12,5,3.2527,16.7343
269,2019,4,12,6,3.3748,16.3923
270,2019,4,12,7,2.4785,16.66
271,2019,4,12,8,2.9054,17.3673
272,2019,4,12,9,2.6953,18.5975
273,2019,4,12,10,2.9639,20.361
274,2019,4,12,11,2.8054,22.0057
275,2019,4,12,12,2.5449,23.7278
276,2019,4,12,13,2.002,23.858
277,2019,4,12,14,1.7276,23.7268
278,2019,4,12,15,1.6062,24.0935
279,2019,4,12,16,2.2049,25.4423
280,2019,4,12,17,2.2478,24.542
281,2019,4,12,18,3.8447,20.7227
282,2019,4,12,19,4.2402,19.5767
283,2019,4,12,20,3.8585,18.9428
284,2019,4,12,21,3.5502,18.7893
285,2019,4,12,22,3.0654,18.9388
286,2019,4,12,23,2.7337,19.4367
287,2019,4,13,0,2.1733,19.8425
288,2019,4,13,1,2.0737,20.2367
289,2019,4,13,2,3.2424,21.9748
290,2019,4,13,3,3.1056,22.4233
291,2019,4,13,4,2.3342,22.4567
292,2019,4,13,5,2.7705,22.6288
293,2019,4,13,6,3.3889,23.1817
294,2019,4,13,7,3.6984,23.5797
295,2019,4,13,8,3.1595,24.0205
296,2019,4,13,9,3.1701,24.6368
297,2019,4,13,10,3.3984,24.7482
298,2019,4,13,11,4.0365,25.3217
299,2019,4,13,12,4.4874,26.2727
300,2019,4,13,13,4.5959,25.864
301,2019,4,13,14,4.4739,25.6353
302,2019,4,13,15,4.8016,25.5805
303,2019,4,13,16,4.4801,25.3977
304,2019,4,13,17,4.1761,25.107
305,2019,4,13,18,4.294,24.884
306,2019,4,13,19,3.9729,24.5752
307,2019,4,13,20,3.7185,23.5023
308,2019,4,13,21,2.8643,22.4215
309,2019,4,13,22,2.0639,19.7057
310,2019,4,13,23,2.516,18.9843
311,2019,4,14,0,4.0065,18.3123
312,2019,4,14,1,3.5171,16.3165
313,2019,4,14,2,3.0492,14.9802
314,2019,4,14,3,4.2678,13.7855
315,2019,4,14,4,4.152,12.1325
316,2019,4,14,5,4.4365,10.701
317,2019,4,14,6,4.8408,10.1442
318,2019,4,14,7,5.548,9.6692
319,2019,4,14,8,5.4697,10.316
320,2019,4,14,9,6.3824,11.3563
321,2019,4,14,10,6.3394,12.4288
322,2019,4,14,11,5.6414,13.8843
323,2019,4,14,12,5.5116,15.1768
324,2019,4,14,13,4.9501,16.4162
325,2019,4,14,14,4.7929,18.0042
326,2019,4,14,15,4.4684,19.0445
327,2019,4,14,16,4.7072,19.4087
328,2019,4,14,17,4.3809,19.3715
329,2019,4,14,18,3.2334,19.0548
330,2019,4,14,19,1.4583,17.6637
331,2019,4,14,20,0.0412,14.6433
332,2019,4,14,21,0.0317,12.9338
333,2019,4,14,22,0,12.039
334,2019,4,14,23,0,11.5772
335,2019,4,15,0,0,10.9582
336,2019,4,15,1,0,10.3937
337,2019,4,15,2,0.0106,10.0937
338,2019,4,15,3,0,9.74
339,2019,4,15,4,0.0074,10.2945
340,2019,4,15,5,0.0282,10.7715
341,2019,4,15,6,0.0748,10.5918
342,2019,4,15,7,0.3353,12.2803
343,2019,4,15,8,1.6638,15.107
344,2019,4,15,9,1.7678,17.8368
345,2019,4,15,10,1.9309,19.7135
346,2019,4,15,11,1.7245,21.2175
347,2019,4,15,12,1.9729,21.8537
348,2019,4,15,13,1.9522,22.5683
349,2019,4,15,14,1.877,22.894
350,2019,4,15,15,2.1728,23.3352
351,2019,4,15,16,2.1776,23.2017
352,2019,4,15,17,2.0335,22.6967
353,2019,4,15,18,1.9112,21.441
354,2019,4,15,19,0.9672,19.7467
355,2019,4,15,20,0.6604,18.2752
356,2019,4,15,21,0.6722,17.3163
357,2019,4,15,22,0.2893,16.3078
358,2019,4,15,23,0.0137,14.8873
359,2019,4,16,0,0.1919,14.534
360,2019,4,16,1,0.4621,15.2182
361,2019,4,16,2,0.3502,15.1655
362,2019,4,16,3,0.1833,14.8587
363,2019,4,16,4,0.0244,14.0002
364,2019,4,16,5,0,12.2872
365,2019,4,16,6,0.019,11.836
366,2019,4,16,7,0.0668,14.2085
367,2019,4,16,8,1.3428,17.8232
368,2019,4,16,9,1.93,19.9052
369,2019,4,16,10,2.4362,21.7212
370,2019,4,16,11,2.5037,22.943
371,2019,4,16,12,2.6737,23.825
372,2019,4,16,13,2.5335,24.5218
373,2019,4,16,14,2.5305,24.851
374,2019,4,16,15,2.3114,24.9187
375,2019,4,16,16,2.714,24.3837
376,2019,4,16,17,2.2886,23.5427
377,2019,4,16,18,2.1855,22.4618
378,2019,4,16,19,1.8455,21.117
379,2019,4,16,20,1.4204,20.0608
380,2019,4,16,21,1.2685,19.5555
381,2019,4,16,22,1.1718,19.0998
382,2019,4,16,23,0.9656,19.0438
383,2019,4,17,0,1.0775,18.9172
384,2019,4,17,1,1.1417,18.5887
385,2019,4,17,2,0.3939,18.2618
386,2019,4,17,3,0.0401,17.577
387,2019,4,17,4,0.3471,17.4567
388,2019,4,17,5,0.0248,17.1458
389,2019,4,17,6,0.3982,17.3222
390,2019,4,17,7,0.9482,17.998
391,2019,4,17,8,1.1709,19.3433
392,2019,4,17,9,1.6479,21.333
393,2019,4,17,10,1.9126,23.5623
394,2019,4,17,11,2.2195,24.7333
395,2019,4,17,12,2.064,24.927
396,2019,4,17,13,2.5783,25.6545
397,2019,4,17,14,2.2445,24.7648
398,2019,4,17,15,2.1378,24.303
399,2019,4,17,16,2.3677,23.7383
400,2019,4,17,17,2.6766,23.3352
401,2019,4,17,18,3.2523,22.9625
402,2019,4,17,19,2.673,22.4285
403,2019,4,17,20,2.243,22.1463
404,2019,4,17,21,1.9784,22.3998
405,2019,4,17,22,1.9435,22.4648
406,2019,4,17,23,2.2191,22.2953
407,2019,4,18,0,2.4291,22.3635
408,2019,4,18,1,2.6213,22.5572
409,2019,4,18,2,2.8039,22.5615
410,2019,4,18,3,3.0922,22.557
411,2019,4,18,4,3.1886,22.5302
412,2019,4,18,5,2.4148,22.7208
413,2019,4,18,6,1.564,22.8395
414,2019,4,18,7,1.3356,22.8742
415,2019,4,18,8,1.3863,23.4882
416,2019,4,18,9,1.8413,23.7722
417,2019,4,18,10,1.9676,22.8925
418,2019,4,18,11,3.6093,21.1995
419,2019,4,18,12,4.034,18.3203
420,2019,4,18,13,5.2605,17.5533
421,2019,4,18,14,3.7979,17.1922
422,2019,4,18,15,2.3536,17.344
423,2019,4,18,16,2.9918,17.748
424,2019,4,18,17,3.0675,18.5332
425,2019,4,18,18,1.9872,18.6805
426,2019,4,18,19,1.0137,18.3067
427,2019,4,18,20,1.679,17.7742
428,2019,4,18,21,3.1088,18.2152
429,2019,4,18,22,5.4857,17.1915
430,2019,4,18,23,4.3542,16.2043
431,2019,4,19,0,3.7998,15.6398
432,2019,4,19,1,2.9039,14.9888
433,2019,4,19,2,2.6635,14.4363
434,2019,4,19,3,2.9197,13.9783
435,2019,4,19,4,2.7105,13.3455
436,2019,4,19,5,2.5804,12.9048
437,2019,4,19,6,3.1712,13.0913
438,2019,4,19,7,2.745,12.9668
439,2019,4,19,8,2.1783,13.404
440,2019,4,19,9,2.6063,14.4145
441,2019,4,19,10,3.5941,15.9813
442,2019,4,19,11,4.0792,17.8643
443,2019,4,19,12,4.378,18.3477
444,2019,4,19,13,4.1154,18.1587
445,2019,4,19,14,4.5483,18.5792
446,2019,4,19,15,5.0869,18.7262
447,2019,4,19,16,5.8961,17.5778
448,2019,4,19,17,5.7808,18.1013
449,2019,4,19,18,4.2528,17.8488
450,2019,4,19,19,2.7496,16.6507
451,2019,4,19,20,1.3237,15.4707
452,2019,4,19,21,1.065,14.3415
453,2019,4,19,22,1.2533,13.9483
454,2019,4,19,23,1.9046,14.0635
455,2019,4,20,0,2.4877,14.241
456,2019,4,20,1,2.8562,13.9763
457,2019,4,20,2,2.6558,13.647
458,2019,4,20,3,2.2235,13.1982
459,2019,4,20,4,1.6254,12.1925
460,2019,4,20,5,1.544,11.4228
461,2019,4,20,6,1.8723,10.9863
462,2019,4,20,7,2.1048,11.6095
463,2019,4,20,8,2.5376,13.725
464,2019,4,20,9,2.8482,15.4328
465,2019,4,20,10,2.3921,17.2343
466,2019,4,20,11,2.5793,18.1398
467,2019,4,20,12,2.0715,18.9983
468,2019,4,20,13,1.7106,20.02
469,2019,4,20,14,2.2849,20.9313
470,2019,4,20,15,2.3412,21.6162
471,2019,4,20,16,2.1655,22.2038
472,2019,4,20,17,1.9703,22.4423
473,2019,4,20,18,1.5587,21.88
474,2019,4,20,19,1.6231,19.814
475,2019,4,20,20,0.7271,18.0947
476,2019,4,20,21,0.5022,17.2042
477,2019,4,20,22,0.0377,15.7263
478,2019,4,20,23,0.0059,14.5552
479,2019,4,21,0,0,13.9352
480,2019,4,21,1,0.014,13.7468
481,2019,4,21,2,0,13.345
482,2019,4,21,3,0,12.9397
483,2019,4,21,4,0,12.2067
484,2019,4,21,5,0,11.5918
485,2019,4,21,6,0,11.3813
486,2019,4,21,7,0.2671,14.3543
487,2019,4,21,8,0.6822,18.2042
488,2019,4,21,9,1.6434,20.2137
489,2019,4,21,10,2.326,21.7118
490,2019,4,21,11,2.6619,22.8728
491,2019,4,21,12,2.5697,23.4648
492,2019,4,21,13,2.6487,23.5995
493,2019,4,21,14,2.733,23.7747
494,2019,4,21,15,2.5983,23.7022
495,2019,4,21,16,2.6277,23.3758
496,2019,4,21,17,2.4523,22.8202
497,2019,4,21,18,1.9622,22.0123
498,2019,4,21,19,1.2943,20.3593
499,2019,4,21,20,0.5836,18.6582
500,2019,4,21,21,0.2016,17.5887
501,2019,4,21,22,0.1881,16.7898
502,2019,4,21,23,0.6008,16.4483
503,2019,4,22,0,0.1837,16.1605
504,2019,4,22,1,0.2018,15.7045
505,2019,4,22,2,0.0784,14.273
506,2019,4,22,3,0.0005,14.1975
507,2019,4,22,4,0.1484,14.4975
508,2019,4,22,5,0.2578,14.3832
509,2019,4,22,6,0.7519,14.5835
510,2019,4,22,7,0.8303,15.5113
511,2019,4,22,8,1.5869,17.9808
512,2019,4,22,9,2.3821,20.4913
513,2019,4,22,10,2.416,21.77
514,2019,4,22,11,2.201,22.6223
515,2019,4,22,12,2.3047,23.4663
516,2019,4,22,13,2.2537,24.3803
517,2019,4,22,14,2.2524,24.8063
518,2019,4,22,15,2.3083,24.6067
519,2019,4,22,16,2.2933,24.3987
520,2019,4,22,17,1.9601,24.1903
521,2019,4,22,18,1.5109,23.3325
522,2019,4,22,19,0.7472,21.6515
523,2019,4,22,20,0.7437,20.4185
524,2019,4,22,21,0.1618,19.4055
525,2019,4,22,22,0.1581,19.024
526,2019,4,22,23,0.5045,18.8703
527,2019,4,23,0,0.8148,19.0277
528,2019,4,23,1,0.3851,18.741
529,2019,4,23,2,0.4168,18.3945
530,2019,4,23,3,0.1647,18.1427
531,2019,4,23,4,0.2344,18.0283
532,2019,4,23,5,0.2404,18.1072
533,2019,4,23,6,0.9153,17.8548
534,2019,4,23,7,1.354,18.3302
535,2019,4,23,8,1.298,19.3698
536,2019,4,23,9,1.9835,21.2462
537,2019,4,23,10,2.4292,23.1748
538,2019,4,23,11,2.1664,24.1875
539,2019,4,23,12,2.2486,24.5867
540,2019,4,23,13,2.0071,25.1367
541,2019,4,23,14,1.9042,24.6757
542,2019,4,23,15,2.2165,23.8768
543,2019,4,23,16,2.3714,23.083
544,2019,4,23,17,2.1415,22.8108
545,2019,4,23,18,1.0861,22.5132
546,2019,4,23,19,0.5175,21.6815
547,2019,4,23,20,0.3363,20.8592
548,2019,4,23,21,0.3253,19.9652
549,2019,4,23,22,0.1647,19.575
550,2019,4,23,23,0.0655,19.4205
551,2019,4,24,0,1.4109,19.4405
552,2019,4,24,1,0.8708,19.4828
553,2019,4,24,2,0.0743,19.2103
554,2019,4,24,3,0.433,19.2167
555,2019,4,24,4,0.0989,18.9482
556,2019,4,24,5,0.6329,19.1812
557,2019,4,24,6,1.0965,19.204
558,2019,4,24,7,0.7991,19.5977
559,2019,4,24,8,2.2811,21.0305
560,2019,4,24,9,2.1302,22.0008
561,2019,4,24,10,1.8973,23.4925
562,2019,4,24,11,2.1268,24.9702
563,2019,4,24,12,2.3294,26.1723
564,2019,4,24,13,2.3766,26.2348
565,2019,4,24,14,2.0187,25.951
566,2019,4,24,15,2.5483,26.0583
567,2019,4,24,16,2.6019,26.114
568,2019,4,24,17,2.7509,25.5888
569,2019,4,24,18,2.4991,24.975
570,2019,4,24,19,1.8557,24.0147
571,2019,4,24,20,1.5301,23.4068
572,2019,4,24,21,1.3958,22.885
573,2019,4,24,22,1.7389,22.7142
574,2019,4,24,23,1.7021,22.5943
575,2019,4,25,0,2.015,22.686
576,2019,4,25,1,2.2707,22.636
577,2019,4,25,2,2.6311,22.5657
578,2019,4,25,3,2.5749,22.1102
579,2019,4,25,4,2.8706,22.0655
580,2019,4,25,5,2.2638,22.084
581,2019,4,25,6,2.7874,21.9267
582,2019,4,25,7,1.805,21.183
583,2019,4,25,8,1.049,20.8437
584,2019,4,25,9,1.5126,20.3118
585,2019,4,25,10,2.0391,20.2627
586,2019,4,25,11,1.0207,22.1087
587,2019,4,25,12,2.6258,23.6243
588,2019,4,25,13,3.1352,24.816
589,2019,4,25,14,4.1771,25.3343
590,2019,4,25,15,3.726,25.342
591,2019,4,25,16,3.7706,25.4433
592,2019,4,25,17,3.7025,25.3447
593,2019,4,25,18,3.5425,24.623
594,2019,4,25,19,2.5493,23.4082
595,2019,4,25,20,1.1911,21.9528
596,2019,4,25,21,0.4696,20.229
597,2019,4,25,22,1.0734,20.2268
598,2019,4,25,23,0.7213,19.5692
599,2019,4,26,0,0.4711,18.5558
600,2019,4,26,1,1.717,19.0163
601,2019,4,26,2,1.844,19.2035
602,2019,4,26,3,2.2797,19.2332
603,2019,4,26,4,2.3039,18.7942
604,2019,4,26,5,2.0102,18.3412
605,2019,4,26,6,0.7664,17.676
606,2019,4,26,7,0.8777,18.7618
607,2019,4,26,8,2.5552,20.4233
608,2019,4,26,9,3.83,21.4267
609,2019,4,26,10,3.985,22.309
610,2019,4,26,11,3.9724,23.327
611,2019,4,26,12,3.8158,24.0963
612,2019,4,26,13,4.1093,24.535
613,2019,4,26,14,3.6946,24.8545
614,2019,4,26,15,3.9737,25.3933
615,2019,4,26,16,3.8846,25.4373
616,2019,4,26,17,3.6023,25.1438
617,2019,4,26,18,2.7745,24.6233
618,2019,4,26,19,1.4818,23.2362
619,2019,4,26,20,0.0195,19.3228
620,2019,4,26,21,0,16.9247
621,2019,4,26,22,0.0037,16.073
622,2019,4,26,23,0,15.6922
623,2019,4,27,0,0.019,16.0555
624,2019,4,27,1,0.5799,16.2387
625,2019,4,27,2,0.4072,15.7577
626,2019,4,27,3,0.5091,14.9315
627,2019,4,27,4,0.3572,15.2797
628,2019,4,27,5,0,13.7442
629,2019,4,27,6,0.0071,14.196
630,2019,4,27,7,1.1952,17.0257
631,2019,4,27,8,1.8469,19.1183
632,2019,4,27,9,1.9451,21.5655
633,2019,4,27,10,2.4781,23.4368
634,2019,4,27,11,2.4102,25.0983
635,2019,4,27,12,2.276,25.7367
636,2019,4,27,13,2.4285,26.1157
637,2019,4,27,14,2.5688,26.314
638,2019,4,27,15,3.0374,25.8063
639,2019,4,27,16,2.6795,25.7017
640,2019,4,27,17,2.3752,24.8343
641,2019,4,27,18,2.2035,24.1058
642,2019,4,27,19,1.3753,22.7807
643,2019,4,27,20,0.9153,21.6842
644,2019,4,27,21,1.02,20.6948
645,2019,4,27,22,0.9925,20.2527
646,2019,4,27,23,0.7733,19.5535
647,2019,4,28,0,0.6123,18.8575
648,2019,4,28,1,0.0709,18.1272
649,2019,4,28,2,0.0245,16.137
650,2019,4,28,3,0.0127,15.7352
651,2019,4,28,4,0,16.7765
652,2019,4,28,5,0.0172,17.7072
653,2019,4,28,6,0.0114,17.8292
654,2019,4,28,7,0.3124,19.759
655,2019,4,28,8,1.1428,21.7318
656,2019,4,28,9,1.0706,23.168
657,2019,4,28,10,1.653,23.8038
658,2019,4,28,11,2.2385,24.7198
659,2019,4,28,12,1.9043,25.6092
660,2019,4,28,13,2.0853,26.0655
661,2019,4,28,14,2.1529,26.44
662,2019,4,28,15,2.2647,26.397
663,2019,4,28,16,2.1644,26.1855
664,2019,4,28,17,1.8317,25.7755
665,2019,4,28,18,1.5977,25.0207
666,2019,4,28,19,1.0099,23.605
667,2019,4,28,20,0.9116,21.9398
668,2019,4,28,21,0.7008,21.2495
669,2019,4,28,22,0.64,20.4363
670,2019,4,28,23,0.8411,20.1503
671,2019,4,29,0,0.5644,19.7568
672,2019,4,29,1,1.0634,19.5045
673,2019,4,29,2,0.4655,19.2477
674,2019,4,29,3,0.4025,18.9748
675,2019,4,29,4,1.5534,19.2182
676,2019,4,29,5,1.3568,19.6337
677,2019,4,29,6,1.692,20.2985
678,2019,4,29,7,1.9258,20.7865
679,2019,4,29,8,2.1712,22.333
680,2019,4,29,9,1.9557,23.3242
681,2019,4,29,10,2.1985,25.2238
682,2019,4,29,11,2.5331,26.7357
683,2019,4,29,12,2.8365,27.2127
684,2019,4,29,13,2.8898,27.7553
685,2019,4,29,14,2.7363,27.4885
686,2019,4,29,15,2.5602,27.9505
687,2019,4,29,16,2.8545,27.7185
688,2019,4,29,17,2.4775,27.305
689,2019,4,29,18,2.3217,26.5382
690,2019,4,29,19,2.0973,25.2373
691,2019,4,29,20,2.0848,24.2028
692,2019,4,29,21,2.3998,23.8123
693,2019,4,29,22,2.3217,23.449
694,2019,4,29,23,2.706,23.1418
695,2019,4,30,0,2.7855,22.7518
696,2019,4,30,1,3.0122,22.3057
697,2019,4,30,2,2.2101,21.7798
698,2019,4,30,3,1.5721,21.384
699,2019,4,30,4,1.2217,21.101
700,2019,4,30,5,1.4674,20.7505
701,2019,4,30,6,1.6319,20.7802
702,2019,4,30,7,2.2024,21.4752
703,2019,4,30,8,2.7762,22.4478
704,2019,4,30,9,2.622,23.3903
705,2019,4,30,10,2.6238,25.2077
706,2019,4,30,11,3.1118,26.4798
707,2019,4,30,12,3.5116,27.5595
708,2019,4,30,13,3.3043,27.798
709,2019,4,30,14,3.2438,28.2832
710,2019,4,30,15,3.1436,28.0463
711,2019,4,30,16,3.0764,27.8687
712,2019,4,30,17,3.753,26.798
713,2019,4,30,18,3.4009,25.8172
714,2019,4,30,19,2.216,24.7487
715,2019,4,30,20,1.9693,24.0823
716,2019,4,30,21,2.0011,23.6603
717,2019,4,30,22,1.77,23.4072
718,2019,4,30,23,1.9521,23.5158
